{"cameraMode":{"drawMode":0,"name":"Shaded","section":"Shading Mode"},"sceneLighting":true,"audioPlay":false,"sceneViewState":{"showFog":false,"showMaterialUpdate":false,"showSkybox":false,"showFlares":false,"showImageEffects":false,"showParticleSystems":false},"in2DMode":false,"pivot":{"x":227.79998779296876,"y":385.6000061035156,"z":0.0},"rotation":{"x":0.18281129002571107,"y":0.023593110963702203,"z":-0.004388259258121252,"w":0.9828572273254395},"size":239.2829132080078,"orthographic":false}